week,brand,price,units_sold,pct_price_change,pct_units_change,wow_elasticity
2025-01-06,Bud Right,18.99,1261,,,
2025-01-13,Bud Right,18.99,1174,0.0,-0.069,
2025-01-20,Bud Right,18.99,1285,0.0,0.0945,
2025-01-27,Bud Right,18.99,1229,0.0,-0.0436,
2025-02-03,Bud Right,18.99,1226,0.0,-0.0024,
2025-02-10,Bud Right,15.99,1508,-0.158,0.23,-1.456
2025-02-17,Bud Right,18.99,1340,0.1876,-0.1114,-0.5938
2025-02-24,Bud Right,18.99,1268,0.0,-0.0537,
2025-03-03,Bud Right,18.99,1270,0.0,0.0016,
2025-03-10,Bud Right,18.99,1298,0.0,0.022,
2025-03-17,Bud Right,18.99,1383,0.0,0.0655,
2025-03-24,Bud Right,18.99,1528,0.0,0.1048,
2025-03-31,Bud Right,18.99,1565,0.0,0.0242,
2025-04-07,Bud Right,15.24,2128,-0.1975,0.3597,-1.8217
2025-04-14,Bud Right,18.99,1776,0.2461,-0.1654,-0.6722
2025-04-21,Bud Right,18.99,1593,0.0,-0.103,
2025-04-28,Bud Right,18.99,1612,0.0,0.0119,
2025-05-05,Bud Right,18.99,1612,0.0,0.0,
2025-05-12,Bud Right,15.74,2240,-0.1711,0.3896,-2.2763
2025-05-19,Bud Right,15.74,2326,0.0,0.0384,
2025-05-26,Bud Right,18.99,2161,0.2065,-0.0709,-0.3436
2025-06-02,Bud Right,18.99,1680,0.0,-0.2226,
2025-06-09,Bud Right,19.74,1608,0.0395,-0.0429,-1.0851
2025-06-16,Bud Right,19.74,1737,0.0,0.0802,
2025-06-23,Bud Right,19.74,1747,0.0,0.0058,
2025-06-30,Bud Right,19.74,2332,0.0,0.3349,
2025-07-07,Bud Right,19.74,1621,0.0,-0.3049,
2025-07-14,Bud Right,17.24,2010,-0.1266,0.24,-1.8948
2025-07-21,Bud Right,17.24,1984,0.0,-0.0129,
2025-07-28,Bud Right,19.74,1656,0.145,-0.1653,-1.1401
2025-08-04,Bud Right,19.74,1691,0.0,0.0211,
2025-08-11,Bud Right,19.74,1615,0.0,-0.0449,
2025-08-18,Bud Right,19.74,1626,0.0,0.0068,
2025-08-25,Bud Right,15.99,2040,-0.19,0.2546,-1.3403
2025-09-01,Bud Right,15.99,2429,0.0,0.1907,
2025-09-08,Bud Right,19.74,1535,0.2345,-0.3681,-1.5694
2025-09-15,Bud Right,19.74,1355,0.0,-0.1173,
2025-09-22,Bud Right,19.74,1404,0.0,0.0362,
2025-09-29,Bud Right,19.74,1363,0.0,-0.0292,
2025-10-06,Bud Right,19.74,1322,0.0,-0.0301,
2025-10-13,Bud Right,16.24,1697,-0.1773,0.2837,-1.5998
2025-10-20,Bud Right,16.24,1815,0.0,0.0695,
2025-10-27,Bud Right,19.74,1226,0.2155,-0.3245,-1.5058
2025-11-03,Bud Right,19.74,1318,0.0,0.075,
2025-11-10,Bud Right,19.74,1135,0.0,-0.1388,
2025-11-17,Bud Right,19.74,1195,0.0,0.0529,
2025-11-24,Bud Right,19.74,1209,0.0,0.0117,
2025-12-01,Bud Right,19.74,1222,0.0,0.0108,
2025-12-08,Bud Right,17.74,1401,-0.1013,0.1465,-1.4458
2025-12-15,Bud Right,17.74,1400,0.0,-0.0007,
2025-12-22,Bud Right,19.74,1149,0.1127,-0.1793,-1.5903
2025-12-29,Bud Right,19.74,1159,0.0,0.0087,
2025-01-06,Budmeiser,17.99,1011,,,
2025-01-13,Budmeiser,17.99,1094,0.0,0.0821,
2025-01-20,Budmeiser,15.99,1257,-0.1112,0.149,-1.3402
2025-01-27,Budmeiser,15.99,1290,0.0,0.0263,
2025-02-03,Budmeiser,17.99,1099,0.1251,-0.1481,-1.1838
2025-02-10,Budmeiser,17.99,1106,0.0,0.0064,
2025-02-17,Budmeiser,17.99,1130,0.0,0.0217,
2025-02-24,Budmeiser,17.99,1102,0.0,-0.0248,
2025-03-03,Budmeiser,17.99,1101,0.0,-0.0009,
2025-03-10,Budmeiser,17.99,1140,0.0,0.0354,
2025-03-17,Budmeiser,17.99,1073,0.0,-0.0588,
2025-03-24,Budmeiser,15.99,1460,-0.1112,0.3607,-3.2442
2025-03-31,Budmeiser,15.99,1501,0.0,0.0281,
2025-04-07,Budmeiser,17.99,1290,0.1251,-0.1406,-1.1239
2025-04-14,Budmeiser,17.99,1411,0.0,0.0938,
2025-04-21,Budmeiser,17.99,1346,0.0,-0.0461,
2025-04-28,Budmeiser,17.99,1406,0.0,0.0446,
2025-05-05,Budmeiser,14.99,2079,-0.1668,0.4787,-2.8704
2025-05-12,Budmeiser,14.99,1940,0.0,-0.0669,
2025-05-19,Budmeiser,17.99,1549,0.2001,-0.2015,-1.0071
2025-05-26,Budmeiser,17.99,1798,0.0,0.1607,
2025-06-02,Budmeiser,17.99,1503,0.0,-0.1641,
2025-06-09,Budmeiser,17.99,1456,0.0,-0.0313,
2025-06-16,Budmeiser,17.99,1507,0.0,0.035,
2025-06-23,Budmeiser,14.74,2201,-0.1807,0.4605,-2.5491
2025-06-30,Budmeiser,17.99,1897,0.2205,-0.1381,-0.6264
2025-07-07,Budmeiser,17.99,1561,0.0,-0.1771,
2025-07-14,Budmeiser,17.99,1537,0.0,-0.0154,
2025-07-21,Budmeiser,17.99,1463,0.0,-0.0481,
2025-07-28,Budmeiser,18.74,1301,0.0417,-0.1107,-2.6561
2025-08-04,Budmeiser,18.74,1387,0.0,0.0661,
2025-08-11,Budmeiser,16.24,1669,-0.1334,0.2033,-1.5241
2025-08-18,Budmeiser,16.24,1708,0.0,0.0234,
2025-08-25,Budmeiser,18.74,1321,0.1539,-0.2266,-1.4719
2025-09-01,Budmeiser,18.74,1684,0.0,0.2748,
2025-09-08,Budmeiser,18.74,1255,0.0,-0.2548,
2025-09-15,Budmeiser,18.74,1182,0.0,-0.0582,
2025-09-22,Budmeiser,18.74,1229,0.0,0.0398,
2025-09-29,Budmeiser,18.74,1205,0.0,-0.0195,
2025-10-06,Budmeiser,16.74,1494,-0.1067,0.2398,-2.2472
2025-10-13,Budmeiser,18.74,1189,0.1195,-0.2041,-1.7087
2025-10-20,Budmeiser,18.74,1136,0.0,-0.0446,
2025-10-27,Budmeiser,18.74,1176,0.0,0.0352,
2025-11-03,Budmeiser,18.74,1011,0.0,-0.1403,
2025-11-10,Budmeiser,18.74,1021,0.0,0.0099,
2025-11-17,Budmeiser,18.74,990,0.0,-0.0304,
2025-11-24,Budmeiser,18.74,1004,0.0,0.0141,
2025-12-01,Budmeiser,16.99,1106,-0.0934,0.1016,-1.0879
2025-12-08,Budmeiser,18.74,1037,0.103,-0.0624,-0.6057
2025-12-15,Budmeiser,18.74,989,0.0,-0.0463,
2025-12-22,Budmeiser,18.74,928,0.0,-0.0617,
2025-12-29,Budmeiser,18.74,963,0.0,0.0377,
2025-01-06,Coors Blight,18.49,1063,,,
2025-01-13,Coors Blight,18.49,1122,0.0,0.0555,
2025-01-20,Coors Blight,18.49,1145,0.0,0.0205,
2025-01-27,Coors Blight,18.49,1256,0.0,0.0969,
2025-02-03,Coors Blight,18.49,1163,0.0,-0.074,
2025-02-10,Coors Blight,15.99,1374,-0.1352,0.1814,-1.3418
2025-02-17,Coors Blight,18.49,1148,0.1563,-0.1645,-1.052
2025-02-24,Coors Blight,18.49,1124,0.0,-0.0209,
2025-03-03,Coors Blight,18.49,1154,0.0,0.0267,
2025-03-10,Coors Blight,18.49,1189,0.0,0.0303,
2025-03-17,Coors Blight,18.49,1398,0.0,0.1758,
2025-03-24,Coors Blight,15.74,1528,-0.1487,0.093,-0.6252
2025-03-31,Coors Blight,18.49,1492,0.1747,-0.0236,-0.1349
2025-04-07,Coors Blight,18.49,1396,0.0,-0.0643,
2025-04-14,Coors Blight,18.49,1560,0.0,0.1175,
2025-04-21,Coors Blight,18.49,1547,0.0,-0.0083,
2025-04-28,Coors Blight,18.49,1531,0.0,-0.0103,
2025-05-05,Coors Blight,18.49,1564,0.0,0.0216,
2025-05-12,Coors Blight,18.49,1537,0.0,-0.0173,
2025-05-19,Coors Blight,16.49,1801,-0.1082,0.1718,-1.588
2025-05-26,Coors Blight,16.49,2173,0.0,0.2066,
2025-06-02,Coors Blight,18.49,1538,0.1213,-0.2922,-2.4094
2025-06-09,Coors Blight,18.49,1543,0.0,0.0033,
2025-06-16,Coors Blight,18.49,1664,0.0,0.0784,
2025-06-23,Coors Blight,18.49,1788,0.0,0.0745,
2025-06-30,Coors Blight,18.99,2198,0.027,0.2293,8.4798
2025-07-07,Coors Blight,16.24,1814,-0.1448,-0.1747,1.2064
2025-07-14,Coors Blight,16.24,1841,0.0,0.0149,
2025-07-21,Coors Blight,18.99,1696,0.1693,-0.0788,-0.4651
2025-07-28,Coors Blight,18.99,1591,0.0,-0.0619,
2025-08-04,Coors Blight,18.99,1523,0.0,-0.0427,
2025-08-11,Coors Blight,18.99,1621,0.0,0.0643,
2025-08-18,Coors Blight,18.99,1543,0.0,-0.0481,
2025-08-25,Coors Blight,17.49,1713,-0.079,0.1102,-1.3948
2025-09-01,Coors Blight,17.49,1886,0.0,0.101,
2025-09-08,Coors Blight,18.99,1345,0.0858,-0.2869,-3.3447
2025-09-15,Coors Blight,18.99,1308,0.0,-0.0275,
2025-09-22,Coors Blight,18.99,1488,0.0,0.1376,
2025-09-29,Coors Blight,18.99,1461,0.0,-0.0181,
2025-10-06,Coors Blight,18.99,1300,0.0,-0.1102,
2025-10-13,Coors Blight,15.49,1481,-0.1843,0.1392,-0.7554
2025-10-20,Coors Blight,18.99,1351,0.226,-0.0878,-0.3885
2025-10-27,Coors Blight,18.99,1164,0.0,-0.1384,
2025-11-03,Coors Blight,18.99,1154,0.0,-0.0086,
2025-11-10,Coors Blight,18.99,1225,0.0,0.0615,
2025-11-17,Coors Blight,18.99,1145,0.0,-0.0653,
2025-11-24,Coors Blight,18.99,1152,0.0,0.0061,
2025-12-01,Coors Blight,18.99,1131,0.0,-0.0182,
2025-12-08,Coors Blight,16.24,1304,-0.1448,0.153,-1.0563
2025-12-15,Coors Blight,16.24,1369,0.0,0.0498,
2025-12-22,Coors Blight,18.99,1129,0.1693,-0.1753,-1.0353
2025-12-29,Coors Blight,18.99,1177,0.0,0.0425,
2025-01-06,Michelob Ultra Combo Breaker,19.99,983,,,
2025-01-13,Michelob Ultra Combo Breaker,19.99,952,0.0,-0.0315,
2025-01-20,Michelob Ultra Combo Breaker,16.99,1369,-0.1501,0.438,-2.9187
2025-01-27,Michelob Ultra Combo Breaker,16.99,1404,0.0,0.0256,
2025-02-03,Michelob Ultra Combo Breaker,19.99,999,0.1766,-0.2885,-1.6337
2025-02-10,Michelob Ultra Combo Breaker,19.99,945,0.0,-0.0541,
2025-02-17,Michelob Ultra Combo Breaker,19.99,1013,0.0,0.072,
2025-02-24,Michelob Ultra Combo Breaker,19.99,1034,0.0,0.0207,
2025-03-03,Michelob Ultra Combo Breaker,19.99,1178,0.0,0.1393,
2025-03-10,Michelob Ultra Combo Breaker,19.99,1161,0.0,-0.0144,
2025-03-17,Michelob Ultra Combo Breaker,16.49,1547,-0.1751,0.3325,-1.8989
2025-03-24,Michelob Ultra Combo Breaker,19.99,1183,0.2122,-0.2353,-1.1086
2025-03-31,Michelob Ultra Combo Breaker,19.99,1140,0.0,-0.0363,
2025-04-07,Michelob Ultra Combo Breaker,19.99,1215,0.0,0.0658,
2025-04-14,Michelob Ultra Combo Breaker,19.99,1297,0.0,0.0675,
2025-04-21,Michelob Ultra Combo Breaker,16.49,2069,-0.1751,0.5952,-3.3996
2025-04-28,Michelob Ultra Combo Breaker,19.99,1275,0.2122,-0.3838,-1.8081
2025-05-05,Michelob Ultra Combo Breaker,19.99,1300,0.0,0.0196,
2025-05-12,Michelob Ultra Combo Breaker,19.99,1223,0.0,-0.0592,
2025-05-19,Michelob Ultra Combo Breaker,19.99,1367,0.0,0.1177,
2025-05-26,Michelob Ultra Combo Breaker,19.99,1649,0.0,0.2063,
2025-06-02,Michelob Ultra Combo Breaker,19.99,1365,0.0,-0.1722,
2025-06-09,Michelob Ultra Combo Breaker,17.99,1684,-0.1001,0.2337,-2.3358
2025-06-16,Michelob Ultra Combo Breaker,17.99,1757,0.0,0.0433,
2025-06-23,Michelob Ultra Combo Breaker,19.99,1297,0.1112,-0.2618,-2.355
2025-06-30,Michelob Ultra Combo Breaker,19.99,1774,0.0,0.3678,
2025-07-07,Michelob Ultra Combo Breaker,19.99,1568,0.0,-0.1161,
2025-07-14,Michelob Ultra Combo Breaker,19.99,1315,0.0,-0.1614,
2025-07-21,Michelob Ultra Combo Breaker,17.49,1744,-0.1251,0.3262,-2.6086
2025-07-28,Michelob Ultra Combo Breaker,18.24,1831,0.0429,0.0499,1.1633
2025-08-04,Michelob Ultra Combo Breaker,20.99,1421,0.1508,-0.2239,-1.4852
2025-08-11,Michelob Ultra Combo Breaker,20.99,1143,0.0,-0.1956,
2025-08-18,Michelob Ultra Combo Breaker,20.99,1172,0.0,0.0254,
2025-08-25,Michelob Ultra Combo Breaker,20.99,1194,0.0,0.0188,
2025-09-01,Michelob Ultra Combo Breaker,20.99,1507,0.0,0.2621,
2025-09-08,Michelob Ultra Combo Breaker,20.99,1075,0.0,-0.2867,
2025-09-15,Michelob Ultra Combo Breaker,20.99,1093,0.0,0.0167,
2025-09-22,Michelob Ultra Combo Breaker,17.99,1557,-0.1429,0.4245,-2.9702
2025-09-29,Michelob Ultra Combo Breaker,17.99,1497,0.0,-0.0385,
2025-10-06,Michelob Ultra Combo Breaker,20.99,1017,0.1668,-0.3206,-1.9228
2025-10-13,Michelob Ultra Combo Breaker,20.99,1007,0.0,-0.0098,
2025-10-20,Michelob Ultra Combo Breaker,20.99,927,0.0,-0.0794,
2025-10-27,Michelob Ultra Combo Breaker,20.99,961,0.0,0.0367,
2025-11-03,Michelob Ultra Combo Breaker,20.99,941,0.0,-0.0208,
2025-11-10,Michelob Ultra Combo Breaker,16.74,1525,-0.2025,0.6206,-3.0651
2025-11-17,Michelob Ultra Combo Breaker,16.74,1443,0.0,-0.0538,
2025-11-24,Michelob Ultra Combo Breaker,20.99,932,0.2539,-0.3541,-1.3948
2025-12-01,Michelob Ultra Combo Breaker,20.99,948,0.0,0.0172,
2025-12-08,Michelob Ultra Combo Breaker,20.99,901,0.0,-0.0496,
2025-12-15,Michelob Ultra Combo Breaker,20.99,905,0.0,0.0044,
2025-12-22,Michelob Ultra Combo Breaker,20.99,890,0.0,-0.0166,
2025-12-29,Michelob Ultra Combo Breaker,20.99,901,0.0,0.0124,
